<ImportExportXml version="9.2.22043.151" SolutionPackageVersion="9.2" languagecode="1033" generatedBy="CrmLive" xmlns:xsi="http://www.w3.org/2001/XMLSchema-instance">
  <SolutionManifest>
    <UniqueName>con_core</UniqueName>
    <LocalizedNames>
      <LocalizedName description="con_core" languagecode="1033" />
    </LocalizedNames>
    <Descriptions />
    <Version>1.0.0.2</Version>
    <Managed>0</Managed>
    <Publisher>
      <UniqueName>Contoso</UniqueName>
      <LocalizedNames>
        <LocalizedName description="Contoso" languagecode="1033" />
      </LocalizedNames>
      <Descriptions />
      <EMailAddress xsi:nil="true"></EMailAddress>
      <SupportingWebsiteUrl xsi:nil="true"></SupportingWebsiteUrl>
      <CustomizationPrefix>con</CustomizationPrefix>
      <CustomizationOptionValuePrefix>76914</CustomizationOptionValuePrefix>
      <Addresses>
        <Address>
          <AddressNumber>1</AddressNumber>
          <AddressTypeCode>1</AddressTypeCode>
          <City xsi:nil="true"></City>
          <County xsi:nil="true"></County>
          <Country xsi:nil="true"></Country>
          <Fax xsi:nil="true"></Fax>
          <FreightTermsCode xsi:nil="true"></FreightTermsCode>
          <ImportSequenceNumber xsi:nil="true"></ImportSequenceNumber>
          <Latitude xsi:nil="true"></Latitude>
          <Line1 xsi:nil="true"></Line1>
          <Line2 xsi:nil="true"></Line2>
          <Line3 xsi:nil="true"></Line3>
          <Longitude xsi:nil="true"></Longitude>
          <Name xsi:nil="true"></Name>
          <PostalCode xsi:nil="true"></PostalCode>
          <PostOfficeBox xsi:nil="true"></PostOfficeBox>
          <PrimaryContactName xsi:nil="true"></PrimaryContactName>
          <ShippingMethodCode>1</ShippingMethodCode>
          <StateOrProvince xsi:nil="true"></StateOrProvince>
          <Telephone1 xsi:nil="true"></Telephone1>
          <Telephone2 xsi:nil="true"></Telephone2>
          <Telephone3 xsi:nil="true"></Telephone3>
          <TimeZoneRuleVersionNumber xsi:nil="true"></TimeZoneRuleVersionNumber>
          <UPSZone xsi:nil="true"></UPSZone>
          <UTCOffset xsi:nil="true"></UTCOffset>
          <UTCConversionTimeZoneCode xsi:nil="true"></UTCConversionTimeZoneCode>
        </Address>
        <Address>
          <AddressNumber>2</AddressNumber>
          <AddressTypeCode>1</AddressTypeCode>
          <City xsi:nil="true"></City>
          <County xsi:nil="true"></County>
          <Country xsi:nil="true"></Country>
          <Fax xsi:nil="true"></Fax>
          <FreightTermsCode xsi:nil="true"></FreightTermsCode>
          <ImportSequenceNumber xsi:nil="true"></ImportSequenceNumber>
          <Latitude xsi:nil="true"></Latitude>
          <Line1 xsi:nil="true"></Line1>
          <Line2 xsi:nil="true"></Line2>
          <Line3 xsi:nil="true"></Line3>
          <Longitude xsi:nil="true"></Longitude>
          <Name xsi:nil="true"></Name>
          <PostalCode xsi:nil="true"></PostalCode>
          <PostOfficeBox xsi:nil="true"></PostOfficeBox>
          <PrimaryContactName xsi:nil="true"></PrimaryContactName>
          <ShippingMethodCode>1</ShippingMethodCode>
          <StateOrProvince xsi:nil="true"></StateOrProvince>
          <Telephone1 xsi:nil="true"></Telephone1>
          <Telephone2 xsi:nil="true"></Telephone2>
          <Telephone3 xsi:nil="true"></Telephone3>
          <TimeZoneRuleVersionNumber xsi:nil="true"></TimeZoneRuleVersionNumber>
          <UPSZone xsi:nil="true"></UPSZone>
          <UTCOffset xsi:nil="true"></UTCOffset>
          <UTCConversionTimeZoneCode xsi:nil="true"></UTCConversionTimeZoneCode>
        </Address>
      </Addresses>
    </Publisher>
    <RootComponents>
      <RootComponent type="1" schemaName="contact" behavior="2" />
      <RootComponent type="29" id="{858dca8a-eabf-ec11-983e-00224829f7a9}" behavior="0" />
      <RootComponent type="80" schemaName="msdynce_saleshub" behavior="0" />
      <RootComponent type="300" schemaName="con_testapp1_5f126" behavior="0" />
    </RootComponents>
    <MissingDependencies>
      <MissingDependency>
        <Required type="1" schemaName="bulkoperation" displayName="Quick Campaign" solution="msdynce_Marketing (9.0.4.37)">
          <package>msdynce_MarketingAnchor (9.0.22042.10001)</package>
        </Required>
        <Dependent type="80" schemaName="msdynce_saleshub" displayName="Sales Hub" />
      </MissingDependency>
      <MissingDependency>
        <Required type="1" schemaName="campaign" displayName="Campaign" solution="msdynce_Marketing (9.0.4.37)">
          <package>msdynce_MarketingAnchor (9.0.22042.10001)</package>
        </Required>
        <Dependent type="80" schemaName="msdynce_saleshub" displayName="Sales Hub" />
      </MissingDependency>
      <MissingDependency>
        <Required type="1" schemaName="competitor" displayName="Competitor" solution="msdynce_Sales (9.0.4.0076)">
          <package>msdynce_SalesAnchor (9.0.22042.10003)</package>
        </Required>
        <Dependent type="80" schemaName="msdynce_saleshub" displayName="Sales Hub" />
      </MissingDependency>
      <MissingDependency>
        <Required type="1" schemaName="dynamicpropertyoptionsetitem" displayName="Property Option Set Item" solution="msdynce_ProductManagement (9.0.4.0066)">
          <package>msdynce_ProductManagementAnchor (9.0.22042.10001)</package>
        </Required>
        <Dependent type="80" schemaName="msdynce_saleshub" displayName="Sales Hub" />
      </MissingDependency>
      <MissingDependency>
        <Required type="1" schemaName="entitlement" displayName="Entitlement" solution="msdynce_Service (9.0.5.56)">
          <package>msdynce_ServiceAnchor (9.0.22043.1017)</package>
        </Required>
        <Dependent type="80" schemaName="msdynce_saleshub" displayName="Sales Hub" />
      </MissingDependency>
      <MissingDependency>
        <Required type="1" schemaName="incident" displayName="Case" solution="msdynce_Service (9.0.5.56)">
          <package>msdynce_ServiceAnchor (9.0.22043.1017)</package>
        </Required>
        <Dependent type="80" schemaName="msdynce_saleshub" displayName="Sales Hub" />
      </MissingDependency>
      <MissingDependency>
        <Required type="1" schemaName="incidentresolution" displayName="Case Resolution" solution="msdynce_Service (9.0.5.56)">
          <package>msdynce_ServiceAnchor (9.0.22043.1017)</package>
        </Required>
        <Dependent type="80" schemaName="msdynce_saleshub" displayName="Sales Hub" />
      </MissingDependency>
      <MissingDependency>
        <Required type="1" schemaName="invoice" displayName="Invoice" solution="msdynce_Sales (9.0.4.0076)">
          <package>msdynce_SalesAnchor (9.0.22042.10003)</package>
        </Required>
        <Dependent type="80" schemaName="msdynce_saleshub" displayName="Sales Hub" />
      </MissingDependency>
      <MissingDependency>
        <Required type="1" schemaName="invoicedetail" displayName="Invoice Product" solution="msdynce_Sales (9.0.4.0076)">
          <package>msdynce_SalesAnchor (9.0.22042.10003)</package>
        </Required>
        <Dependent type="80" schemaName="msdynce_saleshub" displayName="Sales Hub" />
      </MissingDependency>
      <MissingDependency>
        <Required type="1" schemaName="lead" displayName="Lead" solution="msdynce_LeadManagement (9.0.4.0066)">
          <package>msdynce_LeadManagementAnchor (9.0.22042.10001)</package>
        </Required>
        <Dependent type="80" schemaName="msdynce_saleshub" displayName="Sales Hub" />
      </MissingDependency>
      <MissingDependency>
        <Required type="1" schemaName="leadtoopportunitysalesprocess" displayName="Lead To Opportunity Sales Process" solution="msdynce_Sales (9.0.4.0076)">
          <package>msdynce_SalesAnchor (9.0.22042.10003)</package>
        </Required>
        <Dependent type="80" schemaName="msdynce_saleshub" displayName="Sales Hub" />
      </MissingDependency>
      <MissingDependency>
        <Required type="1" schemaName="msdyn_callablecontext" displayName="Playbook Callable Context" solution="msdyn_Playbook (9.0.2103.4000 )">
          <package>msdynce_SalesAnchor (9.0.22042.10003)</package>
        </Required>
        <Dependent type="80" schemaName="msdynce_saleshub" displayName="Sales Hub" />
      </MissingDependency>
      <MissingDependency>
        <Required type="1" schemaName="msdyn_forecastdefinition" displayName="Forecast definition" solution="msdyn_Forecasting (9.0.22042.10000)">
          <package>msdyn_SalesIntegrationsAddOns (9.0.22042.10003)</package>
        </Required>
        <Dependent type="80" schemaName="msdynce_saleshub" displayName="Sales Hub" />
      </MissingDependency>
      <MissingDependency>
        <Required type="1" schemaName="msdyn_forecastinstance" displayName="Forecast" solution="msdyn_Forecasting (9.0.22042.10000)">
          <package>msdyn_SalesIntegrationsAddOns (9.0.22042.10003)</package>
        </Required>
        <Dependent type="80" schemaName="msdynce_saleshub" displayName="Sales Hub" />
      </MissingDependency>
      <MissingDependency>
        <Required type="1" schemaName="msdyn_forecastrecurrence" displayName="Forecast recurrence" solution="msdyn_Forecasting (9.0.22042.10000)">
          <package>msdyn_SalesIntegrationsAddOns (9.0.22042.10003)</package>
        </Required>
        <Dependent type="80" schemaName="msdynce_saleshub" displayName="Sales Hub" />
      </MissingDependency>
      <MissingDependency>
        <Required type="1" schemaName="msdyn_playbookactivity" displayName="Playbook activity" solution="msdyn_Playbook (9.0.2103.4000 )">
          <package>msdynce_SalesAnchor (9.0.22042.10003)</package>
        </Required>
        <Dependent type="80" schemaName="msdynce_saleshub" displayName="Sales Hub" />
      </MissingDependency>
      <MissingDependency>
        <Required type="1" schemaName="msdyn_playbookactivityattribute" displayName="Playbook activity attribute" solution="msdyn_Playbook (9.0.2103.4000 )">
          <package>msdynce_SalesAnchor (9.0.22042.10003)</package>
        </Required>
        <Dependent type="80" schemaName="msdynce_saleshub" displayName="Sales Hub" />
      </MissingDependency>
      <MissingDependency>
        <Required type="1" schemaName="msdyn_playbookcategory" displayName="Playbook category" solution="msdyn_Playbook (9.0.2103.4000 )">
          <package>msdynce_SalesAnchor (9.0.22042.10003)</package>
        </Required>
        <Dependent type="80" schemaName="msdynce_saleshub" displayName="Sales Hub" />
      </MissingDependency>
      <MissingDependency>
        <Required type="1" schemaName="msdyn_playbookinstance" displayName="Playbook" solution="msdyn_Playbook (9.0.2103.4000 )">
          <package>msdynce_SalesAnchor (9.0.22042.10003)</package>
        </Required>
        <Dependent type="80" schemaName="msdynce_saleshub" displayName="Sales Hub" />
      </MissingDependency>
      <MissingDependency>
        <Required type="1" schemaName="msdyn_playbooktemplate" displayName="Playbook template" solution="msdyn_Playbook (9.0.2103.4000 )">
          <package>msdynce_SalesAnchor (9.0.22042.10003)</package>
        </Required>
        <Dependent type="80" schemaName="msdynce_saleshub" displayName="Sales Hub" />
      </MissingDependency>
      <MissingDependency>
        <Required type="1" schemaName="opportunity" displayName="Opportunity" solution="msdynce_Sales (9.0.4.0076)">
          <package>msdynce_SalesAnchor (9.0.22042.10003)</package>
        </Required>
        <Dependent type="80" schemaName="msdynce_saleshub" displayName="Sales Hub" />
      </MissingDependency>
      <MissingDependency>
        <Required type="1" schemaName="opportunityclose" displayName="Opportunity Close" solution="msdynce_Sales (9.0.4.0076)">
          <package>msdynce_SalesAnchor (9.0.22042.10003)</package>
        </Required>
        <Dependent type="80" schemaName="msdynce_saleshub" displayName="Sales Hub" />
      </MissingDependency>
      <MissingDependency>
        <Required type="1" schemaName="opportunityproduct" displayName="Opportunity Product" solution="msdynce_Sales (9.0.4.0076)">
          <package>msdynce_SalesAnchor (9.0.22042.10003)</package>
        </Required>
        <Dependent type="80" schemaName="msdynce_saleshub" displayName="Sales Hub" />
      </MissingDependency>
      <MissingDependency>
        <Required type="1" schemaName="opportunitysalesprocess" displayName="Opportunity Sales Process" solution="msdynce_Sales (9.0.4.0076)">
          <package>msdynce_SalesAnchor (9.0.22042.10003)</package>
        </Required>
        <Dependent type="80" schemaName="msdynce_saleshub" displayName="Sales Hub" />
      </MissingDependency>
      <MissingDependency>
        <Required type="1" schemaName="phonetocaseprocess" displayName="Phone To Case Process" solution="msdynce_Service (9.0.5.56)">
          <package>msdynce_ServiceAnchor (9.0.22043.1017)</package>
        </Required>
        <Dependent type="80" schemaName="msdynce_saleshub" displayName="Sales Hub" />
      </MissingDependency>
      <MissingDependency>
        <Required type="1" schemaName="product" displayName="Product" solution="msdynce_ProductManagement (9.0.4.0066)">
          <package>msdynce_ProductManagementAnchor (9.0.22042.10001)</package>
        </Required>
        <Dependent type="80" schemaName="msdynce_saleshub" displayName="Sales Hub" />
      </MissingDependency>
      <MissingDependency>
        <Required type="1" schemaName="productpricelevel" displayName="Price List Item" solution="msdynce_ProductManagement (9.0.4.0066)">
          <package>msdynce_ProductManagementAnchor (9.0.22042.10001)</package>
        </Required>
        <Dependent type="80" schemaName="msdynce_saleshub" displayName="Sales Hub" />
      </MissingDependency>
      <MissingDependency>
        <Required type="1" schemaName="productsubstitute" displayName="Product Relationship" solution="msdynce_ProductManagement (9.0.4.0066)">
          <package>msdynce_ProductManagementAnchor (9.0.22042.10001)</package>
        </Required>
        <Dependent type="80" schemaName="msdynce_saleshub" displayName="Sales Hub" />
      </MissingDependency>
      <MissingDependency>
        <Required type="1" schemaName="quote" displayName="Quote" solution="msdynce_Sales (9.0.4.0076)">
          <package>msdynce_SalesAnchor (9.0.22042.10003)</package>
        </Required>
        <Dependent type="80" schemaName="msdynce_saleshub" displayName="Sales Hub" />
      </MissingDependency>
      <MissingDependency>
        <Required type="1" schemaName="quotedetail" displayName="Quote Product" solution="msdynce_Sales (9.0.4.0076)">
          <package>msdynce_SalesAnchor (9.0.22042.10003)</package>
        </Required>
        <Dependent type="80" schemaName="msdynce_saleshub" displayName="Sales Hub" />
      </MissingDependency>
      <MissingDependency>
        <Required type="1" schemaName="salesorder" displayName="Order" solution="msdynce_Sales (9.0.4.0076)">
          <package>msdynce_SalesAnchor (9.0.22042.10003)</package>
        </Required>
        <Dependent type="80" schemaName="msdynce_saleshub" displayName="Sales Hub" />
      </MissingDependency>
      <MissingDependency>
        <Required type="1" schemaName="salesorderdetail" displayName="Order Product" solution="msdynce_Sales (9.0.4.0076)">
          <package>msdynce_SalesAnchor (9.0.22042.10003)</package>
        </Required>
        <Dependent type="80" schemaName="msdynce_saleshub" displayName="Sales Hub" />
      </MissingDependency>
      <MissingDependency>
        <Required type="1" schemaName="territory" displayName="Territory" solution="msdynce_AppCommon (9.0.4.0066)">
          <package>msdynce_AppCommonAnchor (9.0.22042.10001)</package>
        </Required>
        <Dependent type="80" schemaName="msdynce_saleshub" displayName="Sales Hub" />
      </MissingDependency>
      <MissingDependency>
        <Required type="1" schemaName="uom" displayName="Unit" solution="msdynce_ProductManagement (9.0.4.0066)">
          <package>msdynce_ProductManagementAnchor (9.0.22042.10001)</package>
        </Required>
        <Dependent type="80" schemaName="msdynce_saleshub" displayName="Sales Hub" />
      </MissingDependency>
      <MissingDependency>
        <Required type="1" schemaName="uomschedule" displayName="Unit Group" solution="msdynce_ProductManagement (9.0.4.0066)">
          <package>msdynce_ProductManagementAnchor (9.0.22042.10001)</package>
        </Required>
        <Dependent type="80" schemaName="msdynce_saleshub" displayName="Sales Hub" />
      </MissingDependency>
      <MissingDependency>
        <Required type="29" displayName="Phone to Case Process" solution="msdynce_Service (9.0.5.56)" id="{0ffbcde4-61c1-4355-aa89-aa1d7b2b8792}">
          <package>msdynce_ServiceAnchor (9.0.22043.1017)</package>
        </Required>
        <Dependent type="80" schemaName="msdynce_saleshub" displayName="Sales Hub" />
      </MissingDependency>
      <MissingDependency>
        <Required type="29" displayName="Opportunity Sales Process" solution="msdynce_Sales (9.0.4.0076)" id="{3e8ebee6-a2bc-4451-9c5f-b146b085413a}">
          <package>msdynce_SalesAnchor (9.0.22042.10003)</package>
        </Required>
        <Dependent type="80" schemaName="msdynce_saleshub" displayName="Sales Hub" />
      </MissingDependency>
      <MissingDependency>
        <Required type="29" displayName="Lead to Opportunity Sales Process" solution="msdynce_Sales (9.0.4.0076)" id="{919e14d1-6489-4852-abd0-a63a6ecaac5d}">
          <package>msdynce_SalesAnchor (9.0.22042.10003)</package>
        </Required>
        <Dependent type="80" schemaName="msdynce_saleshub" displayName="Sales Hub" />
      </MissingDependency>
      <MissingDependency>
        <Required type="60" displayName="Contact" parentDisplayName="Contact" solution="msdynce_AppCommon (9.0.4.0066)" id="{1fed44d1-ae68-4a41-bd2b-f13acac4acfa}">
          <package>msdynce_AppCommonAnchor (9.0.22042.10001)</package>
        </Required>
        <Dependent type="60" displayName="Contact" parentDisplayName="Contact" id="{1fed44d1-ae68-4a41-bd2b-f13acac4acfa}" />
      </MissingDependency>
      <MissingDependency>
        <Required type="60" displayName="Sales Performance Dashboard" solution="msdynce_Sales (9.0.4.0076)" id="{25b754f5-7563-df11-ae90-00155d2e3002}">
          <package>msdynce_SalesAnchor (9.0.22042.10003)</package>
        </Required>
        <Dependent type="80" schemaName="msdynce_saleshub" displayName="Sales Hub" />
      </MissingDependency>
      <MissingDependency>
        <Required type="60" displayName="Sales Activity Social Dashboard" solution="msdynce_Sales (9.0.4.0076)" id="{2701de60-8f2a-48a4-8262-4a35ca7441fa}">
          <package>msdynce_SalesAnchor (9.0.22042.10003)</package>
        </Required>
        <Dependent type="80" schemaName="msdynce_saleshub" displayName="Sales Hub" />
      </MissingDependency>
      <MissingDependency>
        <Required type="60" displayName="Sales Activity Dashboard" solution="msdynce_Sales (9.0.4.0076)" id="{45f88f83-0e67-443b-bd05-81d49719f6b1}">
          <package>msdynce_SalesAnchor (9.0.22042.10003)</package>
        </Required>
        <Dependent type="80" schemaName="msdynce_saleshub" displayName="Sales Hub" />
      </MissingDependency>
      <MissingDependency>
        <Required type="60" displayName="Account" parentDisplayName="Account" solution="msdynce_AppCommon (9.0.4.0066)" id="{8448b78f-8f42-454e-8e2a-f8196b0419af}">
          <package>msdynce_AppCommonAnchor (9.0.22042.10001)</package>
        </Required>
        <Dependent type="80" schemaName="msdynce_saleshub" displayName="Sales Hub" />
      </MissingDependency>
      <MissingDependency>
        <Required type="60" displayName="Sales Dashboard" solution="msdynce_Sales (9.0.4.0076)" id="{d1f511a8-1ead-e211-bb72-00155da9a201}">
          <package>msdynce_SalesAnchor (9.0.22042.10003)</package>
        </Required>
        <Dependent type="80" schemaName="msdynce_saleshub" displayName="Sales Hub" />
      </MissingDependency>
      <MissingDependency>
        <Required type="60" displayName="In Context Form" parentDisplayName="Account" solution="msdynce_DealManager (9.0.220405.13)" id="{face3aa6-99c4-4b7e-af07-55f121cdca86}">
          <package>msdynce_SalesInsightsAnchor (9.0.22042.10021)</package>
        </Required>
        <Dependent type="80" schemaName="msdynce_saleshub" displayName="Sales Hub" />
      </MissingDependency>
      <MissingDependency>
        <Required type="61" schemaName="msdyn_Dynamics_icons_Sales" displayName="msdyn_Dynamics_icons_Sales" solution="msdyn_SalesApp (9.0.22042.10004)">
          <package>msdynce_SalesInsightsAnchor (9.0.22042.10021)</package>
        </Required>
        <Dependent type="80" schemaName="msdynce_saleshub" displayName="Sales Hub" />
      </MissingDependency>
      <MissingDependency>
        <Required type="62" schemaName="SalesHubSitemap" solution="msdyn_SalesApp (9.0.22042.10004)">
          <package>msdynce_SalesInsightsAnchor (9.0.22042.10021)</package>
        </Required>
        <Dependent type="80" schemaName="msdynce_saleshub" displayName="Sales Hub" />
      </MissingDependency>
      <MissingDependency>
        <Required type="80" schemaName="msdynce_saleshub" displayName="Sales Hub" solution="msdyn_SalesApp (9.0.22042.10004)">
          <package>msdynce_SalesInsightsAnchor (9.0.22042.10021)</package>
        </Required>
        <Dependent type="80" schemaName="msdynce_saleshub" displayName="Sales Hub" />
      </MissingDependency>
      <MissingDependency>
        <Required type="connectionreference" displayName="con_sharedcommondataserviceforapps_6f800" solution="Active" id.connectionreferencelogicalname="con_sharedcommondataserviceforapps_6f800" />
        <Dependent type="29" displayName="test connection reference" id="{858dca8a-eabf-ec11-983e-00224829f7a9}" />
      </MissingDependency>
    </MissingDependencies>
  </SolutionManifest>
</ImportExportXml>